Timestamp,Edge Device 1,Edge Device 2,Edge Device 3,Edge Device 4,Edge Device 5
1804010000,3,3,3,2,1
1804010001,4,3,3,2,1
1804010002,4,3,3,2,1
1804010003,3,3,3,2,1
1804010004,4,3,3,2,1
1804010005,4,3,3,2,1
1804010006,4,3,3,2,1
1804010007,4,3,3,2,1
1804010008,4,3,3,2,1
1804010009,4,3,3,2,1
1804010010,4,3,3,2,1
1804010011,4,3,3,2,1
1804010012,4,3,3,2,1
1804010013,4,3,3,2,1
1804010014,4,3,3,2,1
1804010015,4,3,3,2,1
1804010016,4,3,3,2,1
1804010017,4,3,3,2,1
1804010018,4,3,3,2,1
1804010019,3,3,3,2,2
1804010020,3,3,3,2,2
1804010021,3,3,2,2,2
1804010022,3,3,2,2,2
1804010023,3,3,2,2,2
1804010024,2,3,2,2,1
1804010025,3,3,3,2,1
1804010026,2,3,2,1,1
1804010027,2,2,2,1,1
1804010028,3,2,2,2,1
1804010029,3,2,2,2,1
1804010030,3,2,2,2,1
1804010031,3,2,2,2,1
1804010032,3,2,2,1,1
1804010033,3,2,2,1,1
1804010034,4,2,2,1,1
1804010035,3,2,2,1,1
1804010036,3,2,2,1,1
1804010037,3,2,3,1,2
1804010038,3,2,3,1,2
1804010039,3,2,3,1,2
1804010040,3,2,3,1,2
1804010041,3,2,3,1,2
1804010042,3,2,3,1,2
1804010043,3,2,2,1,2
1804010044,3,2,2,1,3
1804010045,3,2,2,1,3
1804010046,3,2,2,1,3
1804010047,4,2,2,1,3
1804010048,3,2,2,1,2
1804010049,3,2,2,1,2
1804010050,3,2,3,1,2
1804010051,3,2,3,1,2
1804010052,3,2,2,1,2
1804010053,3,2,2,1,2
1804010054,3,2,2,1,2
1804010055,3,2,2,1,2
1804010056,3,2,2,1,2
1804010057,3,2,2,1,2
1804010058,3,2,2,1,1
1804010059,3,2,2,1,1
1804010100,3,2,2,1,1
1804010101,3,2,2,1,1
1804010102,3,2,2,1,1
1804010103,3,2,2,1,1
1804010104,3,2,2,1,1
1804010105,3,2,2,2,1
1804010106,2,2,2,1,1
1804010107,2,2,2,1,1
1804010108,2,2,2,1,1
1804010109,2,2,2,1,1
1804010110,3,2,2,1,1
1804010111,3,2,2,1,1
1804010112,3,2,2,1,2
1804010113,2,2,2,1,2
1804010114,3,2,3,1,2
1804010115,2,2,2,1,2
1804010116,2,2,2,1,2
1804010117,3,2,2,1,2
1804010118,3,2,2,1,2
1804010119,3,2,2,1,1
1804010120,3,2,2,1,1
1804010121,3,2,2,1,1
1804010122,3,2,2,1,1
1804010123,3,2,2,1,1
1804010124,3,2,2,1,1
1804010125,3,2,2,1,1
1804010126,3,2,2,1,1
1804010127,3,2,2,1,1
1804010128,3,2,2,1,1
1804010129,3,2,2,1,1
1804010130,3,2,2,1,1
1804010131,2,2,3,1,1
1804010132,3,2,3,1,1
1804010133,3,1,3,1,1
1804010134,3,1,3,1,1
1804010135,3,2,2,1,1
1804010136,3,1,2,1,1
1804010137,3,1,2,1,1
1804010138,3,1,2,1,1
1804010139,2,1,2,1,1
1804010140,3,1,2,1,1
1804010141,3,1,2,1,1
1804010142,3,1,2,1,1
1804010143,2,1,2,1,1
1804010144,3,1,2,1,1
1804010145,3,1,2,1,1
1804010146,3,1,2,1,1
1804010147,3,1,2,1,1
1804010148,3,1,2,1,1
1804010149,3,1,2,1,1
1804010150,3,1,2,1,1
1804010151,3,1,2,1,1
1804010152,2,2,2,1,1
1804010153,2,2,2,1,1
1804010154,2,1,2,1,1
1804010155,2,1,2,1,1
1804010156,2,1,2,1,1
1804010157,2,1,2,1,1
1804010158,2,1,2,1,2
1804010159,2,1,2,1,2
1804010200,2,1,2,1,3
1804010201,2,1,2,0,2
1804010202,2,1,2,0,2
1804010203,2,1,2,0,2
1804010204,2,1,2,1,2
1804010205,2,1,2,0,2
1804010206,2,1,2,0,1
1804010207,2,1,2,1,1
1804010208,2,1,2,0,1
1804010209,2,1,2,0,1
1804010210,2,1,2,0,1
1804010211,2,1,2,0,1
1804010212,2,1,2,1,1
1804010213,2,1,2,1,1
1804010214,2,1,2,1,1
1804010215,2,1,2,1,1
1804010216,2,1,2,1,1
1804010217,3,1,2,1,1
1804010218,3,1,2,1,1
1804010219,3,1,2,1,1
1804010220,3,1,2,1,1
1804010221,2,1,2,1,2
1804010222,2,1,2,0,2
1804010223,2,1,2,0,2
1804010224,2,1,2,0,2
1804010225,2,1,2,0,2
1804010226,2,1,2,1,1
1804010227,2,1,2,0,1
1804010228,2,1,2,0,1
1804010229,2,1,2,0,1
1804010230,2,1,2,0,1
1804010231,2,1,2,0,1
1804010232,2,1,2,0,1
1804010233,2,1,2,0,1
1804010234,2,1,3,0,1
1804010235,2,1,3,0,1
1804010236,2,1,3,0,1
1804010237,2,1,3,0,1
1804010238,2,1,3,0,1
1804010239,2,1,3,0,1
1804010240,2,1,3,0,1
1804010241,2,1,2,0,1
1804010242,1,1,2,0,1
1804010243,1,1,2,0,1
1804010244,1,1,2,0,1
1804010245,1,1,2,0,1
1804010246,1,1,2,0,1
1804010247,1,1,2,0,1
1804010248,1,1,2,0,1
1804010249,1,1,2,0,1
1804010250,2,1,2,0,1
1804010251,2,1,2,0,1
1804010252,2,1,2,0,1
1804010253,2,1,2,0,1
1804010254,2,1,2,0,1
1804010255,2,1,2,0,1
1804010256,2,1,2,0,2
1804010257,2,1,2,0,2
1804010258,2,1,2,0,2
1804010259,2,1,2,0,2
1804010300,2,1,2,0,1
1804010301,2,1,2,0,1
1804010302,2,0,2,0,1
1804010303,2,1,2,0,1
1804010304,2,1,2,0,1
1804010305,2,1,2,0,1
1804010306,2,1,2,0,1
1804010307,1,1,3,0,1
1804010308,2,0,3,0,1
1804010309,2,0,3,0,1
1804010310,2,1,3,0,1
1804010311,2,1,3,0,1
1804010312,2,1,3,0,1
1804010313,2,1,3,0,1
1804010314,2,1,3,0,1
1804010315,2,1,3,0,1
1804010316,2,1,3,0,1
1804010317,2,1,2,0,1
1804010318,2,1,2,0,1
1804010319,2,1,2,0,1
1804010320,2,1,2,0,1
1804010321,2,1,2,0,1
1804010322,2,0,3,0,1
1804010323,2,0,3,0,1
1804010324,2,0,3,0,1
1804010325,2,0,3,0,1
1804010326,2,0,3,0,1
1804010327,2,0,3,0,1
1804010328,1,0,2,0,1
1804010329,1,0,3,0,1
1804010330,1,0,3,0,1
1804010331,2,0,2,0,1
1804010332,1,0,2,0,1
1804010333,2,0,2,0,1
1804010334,2,0,2,0,1
1804010335,2,0,2,0,1
1804010336,2,0,2,0,1
1804010337,2,0,2,0,1
1804010338,1,0,2,0,1
1804010339,1,0,2,0,1
1804010340,1,0,2,0,1
1804010341,1,0,2,0,1
1804010342,1,0,2,0,1
1804010343,1,0,2,0,1
1804010344,1,0,2,0,1
1804010345,1,0,2,0,1
1804010346,1,0,2,0,1
1804010347,1,0,2,0,1
1804010348,1,0,2,0,1
1804010349,1,0,2,0,1
1804010350,1,0,2,0,1
1804010351,1,0,2,0,1
1804010352,1,0,2,0,1
1804010353,1,0,2,0,1
1804010354,1,0,2,0,1
1804010355,1,0,2,0,1
1804010356,1,0,2,0,1
1804010357,1,0,2,0,1
1804010358,1,0,2,0,1
1804010359,1,0,3,0,1
1804010400,2,0,3,0,1
1804010401,1,0,2,0,1
1804010402,1,0,2,0,1
1804010403,1,0,2,0,1
1804010404,1,0,2,0,1
1804010405,2,0,2,0,1
1804010406,2,0,2,0,1
1804010407,2,0,2,0,1
1804010408,1,0,3,0,1
1804010409,2,0,3,0,1
1804010410,1,0,3,0,1
1804010411,1,0,3,0,1
1804010412,1,0,3,0,1
1804010413,1,0,3,0,1
1804010414,1,0,3,0,1
1804010415,1,0,3,0,1
1804010416,1,0,3,0,1
1804010417,1,0,2,0,1
1804010418,1,0,3,0,1
1804010419,1,0,3,0,1
1804010420,1,0,3,0,1
1804010421,1,0,3,0,1
1804010422,1,0,3,0,1
1804010423,2,0,3,0,1
1804010424,2,0,3,0,1
1804010425,1,0,3,0,1
1804010426,2,0,3,0,1
1804010427,1,0,3,0,1
1804010428,1,0,3,0,1
1804010429,1,0,3,0,1
1804010430,1,0,3,0,1
1804010431,1,0,3,0,1
1804010432,1,0,3,0,1
1804010433,1,0,3,0,1
1804010434,1,0,3,0,1
1804010435,1,0,3,0,1
1804010436,1,0,3,0,1
1804010437,2,0,3,0,1
1804010438,1,0,3,0,1
1804010439,2,0,3,0,1
1804010440,1,0,3,0,1
1804010441,2,0,2,0,1
1804010442,2,0,3,0,1
1804010443,2,0,3,0,1
1804010444,2,0,3,0,1
1804010445,2,0,3,0,1
1804010446,2,0,3,0,1
1804010447,1,0,3,0,1
1804010448,1,0,3,0,1
1804010449,1,0,3,0,1
1804010450,1,0,3,0,1
1804010451,1,0,3,0,1
1804010452,1,0,2,0,1
1804010453,1,0,2,1,1
1804010454,2,0,2,0,1
1804010455,1,0,2,0,1
1804010456,1,0,2,0,1
1804010457,2,0,2,0,1
1804010458,2,0,2,0,1
1804010459,1,0,2,0,1
1804010500,1,0,2,0,2
1804010501,1,0,2,0,2
1804010502,1,0,2,1,2
1804010503,1,0,2,1,2
1804010504,1,0,2,1,2
1804010505,1,0,2,0,1
1804010506,1,0,2,1,1
1804010507,1,0,2,0,1
1804010508,1,0,2,1,1
1804010509,1,0,2,1,1
1804010510,1,0,2,1,1
1804010511,1,0,2,1,1
1804010512,1,0,2,0,1
1804010513,1,0,2,0,1
1804010514,1,0,2,0,1
1804010515,1,0,2,0,1
1804010516,1,0,2,0,1
1804010517,1,0,2,0,1
1804010518,1,0,2,0,1
1804010519,1,0,2,0,1
1804010520,1,0,2,0,1
1804010521,1,0,2,0,1
1804010522,1,0,2,0,1
1804010523,1,0,2,0,1
1804010524,1,0,2,0,1
1804010525,1,0,3,1,1
1804010526,1,0,2,1,1
1804010527,1,0,3,1,1
1804010528,1,0,3,1,1
1804010529,1,0,3,0,1
1804010530,1,0,3,0,1
1804010531,1,0,3,1,1
1804010532,1,0,3,0,1
1804010533,1,0,3,0,1
1804010534,1,0,3,0,1
1804010535,1,0,3,1,1
1804010536,1,0,3,1,1
1804010537,1,0,2,1,1
1804010538,1,0,2,1,1
1804010539,1,0,2,1,1
1804010540,1,0,2,1,1
1804010541,1,0,2,1,1
1804010542,1,1,2,0,1
1804010543,1,1,2,1,1
1804010544,1,1,2,1,1
1804010545,1,1,2,1,1
1804010546,1,0,3,1,1
1804010547,1,0,3,1,1
1804010548,1,0,3,1,1
1804010549,0,1,3,1,1
1804010550,1,1,3,0,1
1804010551,0,1,3,0,1
1804010552,1,1,3,1,1
1804010553,1,1,3,1,1
1804010554,1,1,3,0,1
1804010555,1,1,3,1,1
1804010556,1,1,3,1,1
1804010557,1,1,3,0,1
1804010558,1,1,3,0,1
1804010559,1,1,3,1,1
1804010600,1,1,2,1,1
1804010601,0,1,2,1,1
1804010602,0,1,2,1,1
1804010603,0,1,2,1,1
1804010604,0,1,2,1,1
1804010605,1,1,2,1,1
1804010606,1,1,2,1,1
1804010607,0,1,2,1,1
1804010608,0,1,2,1,1
1804010609,0,1,2,1,1
1804010610,0,1,2,1,1
1804010611,0,1,2,1,1
1804010612,0,1,2,1,2
1804010613,1,1,2,1,2
1804010614,1,1,2,1,2
1804010615,1,1,2,1,2
1804010616,1,1,2,1,2
1804010617,1,1,2,1,2
1804010618,1,1,2,1,1
1804010619,1,1,2,1,1
1804010620,1,1,2,1,1
1804010621,1,1,2,1,1
1804010622,1,1,2,1,1
1804010623,1,1,2,1,1
1804010624,1,1,2,1,2
1804010625,1,1,3,1,2
1804010626,1,1,2,1,2
1804010627,1,1,3,1,2
1804010628,1,1,3,1,2
1804010629,1,1,3,1,2
1804010630,1,1,3,1,2
1804010631,1,1,2,1,1
1804010632,1,1,2,1,1
1804010633,1,1,3,1,2
1804010634,1,1,3,1,2
1804010635,1,1,3,1,2
1804010636,1,1,3,1,1
1804010637,1,1,4,1,1
1804010638,1,1,3,1,1
1804010639,1,1,3,1,1
1804010640,1,1,3,1,1
1804010641,1,1,3,1,1
1804010642,1,1,3,1,1
1804010643,1,1,3,1,2
1804010644,1,1,3,1,2
1804010645,1,1,3,1,2
1804010646,1,1,3,1,2
1804010647,1,1,3,1,1
1804010648,1,1,3,1,1
1804010649,1,1,3,0,1
1804010650,1,1,3,0,1
1804010651,0,1,3,1,2
1804010652,0,1,3,1,2
1804010653,1,1,4,1,2
1804010654,1,1,3,1,2
1804010655,1,1,3,1,2
1804010656,1,1,3,1,2
1804010657,1,1,3,1,1
1804010658,1,1,3,1,1
1804010659,1,1,3,1,1
1804010700,1,1,3,1,1
1804010701,1,1,3,1,2
1804010702,1,1,3,1,2
1804010703,1,1,3,1,2
1804010704,1,1,3,1,3
1804010705,1,1,3,1,3
1804010706,2,1,3,1,2
1804010707,2,1,3,1,1
1804010708,2,1,3,1,1
1804010709,2,1,3,1,1
1804010710,1,2,3,1,1
1804010711,1,2,4,1,1
1804010712,1,2,3,1,1
1804010713,2,2,3,1,1
1804010714,2,2,3,1,1
1804010715,1,2,3,1,1
1804010716,1,2,3,1,1
1804010717,1,2,3,1,1
1804010718,1,2,3,1,1
1804010719,1,2,3,1,1
1804010720,1,2,3,1,1
1804010721,1,2,3,1,1
1804010722,1,2,3,1,1
1804010723,1,2,3,1,1
1804010724,1,2,3,1,1
1804010725,2,2,3,1,1
1804010726,1,2,3,2,1
1804010727,2,2,3,2,1
1804010728,1,2,4,1,1
1804010729,1,2,3,1,1
1804010730,2,2,3,2,1
1804010731,1,2,3,2,1
1804010732,2,2,3,1,1
1804010733,2,2,3,2,1
1804010734,2,2,3,2,1
1804010735,2,2,3,2,2
1804010736,2,2,3,2,2
1804010737,2,2,3,2,2
1804010738,1,2,3,2,2
1804010739,2,2,3,2,2
1804010740,1,2,3,2,2
1804010741,1,2,3,2,2
1804010742,1,2,3,2,3
1804010743,1,2,3,2,3
1804010744,1,2,3,2,3
1804010745,1,2,3,2,3
1804010746,1,2,3,2,3
1804010747,1,2,3,2,2
1804010748,1,2,3,2,2
1804010749,1,2,3,2,1
1804010750,1,2,3,2,1
1804010751,1,2,3,2,1
1804010752,1,2,3,2,1
1804010753,1,2,3,2,1
1804010754,2,2,3,2,1
1804010755,2,2,3,2,1
1804010756,2,2,3,2,1
1804010757,1,2,3,2,1
1804010758,1,2,3,2,1
1804010759,1,2,3,2,1
1804010800,2,2,3,2,1
1804010801,2,2,3,2,1
1804010802,2,2,3,2,1
1804010803,2,2,4,2,1
1804010804,1,2,3,2,1
1804010805,2,2,3,2,1
1804010806,2,2,3,2,1
1804010807,2,2,3,2,1
1804010808,2,2,3,2,1
1804010809,2,2,3,2,1
1804010810,2,2,3,2,1
1804010811,2,2,3,2,1
1804010812,2,2,3,2,1
1804010813,2,2,3,2,1
1804010814,2,2,4,2,0
1804010815,2,2,4,2,0
1804010816,2,2,4,2,0
1804010817,2,2,4,2,0
1804010818,2,2,4,2,0
1804010819,3,2,4,2,0
1804010820,2,2,3,2,0
1804010821,2,2,4,2,0
1804010822,2,2,4,2,0
1804010823,2,2,4,2,0
1804010824,2,2,4,2,2
1804010825,3,2,4,2,1
1804010826,3,2,4,2,1
1804010827,2,2,3,2,1
1804010828,3,2,4,2,1
1804010829,2,2,4,2,1
1804010830,2,2,3,3,1
1804010831,2,2,3,2,0
1804010832,2,2,3,2,0
1804010833,3,2,3,2,0
1804010834,3,2,4,2,0
1804010835,2,2,3,2,1
1804010836,2,2,4,2,1
1804010837,2,2,3,3,1
1804010838,3,2,3,3,1
1804010839,2,2,3,3,1
1804010840,2,2,3,2,1
1804010841,2,2,3,2,0
1804010842,2,2,3,2,0
1804010843,2,2,3,3,0
1804010844,2,2,3,3,0
1804010845,2,2,3,3,0
1804010846,2,2,3,3,0
1804010847,2,2,3,3,0
1804010848,2,2,3,3,0
1804010849,2,2,3,3,0
1804010850,2,2,3,3,0
1804010851,2,2,4,3,0
1804010852,2,2,4,3,0
1804010853,3,2,4,3,0
1804010854,2,2,3,3,0
1804010855,2,2,3,3,1
1804010856,2,2,4,3,1
1804010857,2,2,4,3,2
1804010858,2,2,4,3,2
1804010859,2,2,4,3,2
1804010900,2,3,4,3,2
1804010901,2,3,4,4,2
1804010902,2,3,3,4,2
1804010903,2,3,3,4,2
1804010904,2,3,3,3,0
1804010905,2,3,3,3,0
1804010906,2,3,3,3,0
1804010907,2,3,3,3,0
1804010908,2,3,2,3,2
1804010909,2,3,2,3,2
1804010910,2,3,3,4,2
1804010911,2,3,3,4,2
1804010912,2,3,3,4,2
1804010913,2,3,3,4,2
1804010914,2,3,3,3,3
1804010915,2,3,3,3,2
1804010916,2,3,3,3,2
1804010917,2,3,3,3,2
1804010918,2,3,3,3,1
1804010919,3,3,3,3,0
1804010920,2,3,3,3,0
1804010921,2,3,3,3,0
1804010922,2,3,3,2,0
1804010923,2,3,3,3,1
1804010924,2,3,3,3,2
1804010925,2,3,3,3,2
1804010926,2,3,3,3,1
1804010927,2,3,3,3,1
1804010928,2,3,3,3,1
1804010929,1,3,3,3,1
1804010930,2,3,3,3,2
1804010931,2,3,3,3,2
1804010932,2,3,3,3,2
1804010933,2,3,3,3,2
1804010934,2,3,3,3,2
1804010935,2,3,3,3,2
1804010936,2,3,3,3,2
1804010937,2,3,3,3,1
1804010938,2,3,3,3,1
1804010939,3,3,3,3,1
1804010940,3,3,2,3,1
1804010941,2,3,2,3,2
1804010942,2,3,2,3,2
1804010943,2,3,3,3,3
1804010944,2,3,2,3,3
1804010945,2,3,2,3,3
1804010946,2,3,2,3,4
1804010947,2,3,2,3,3
1804010948,2,3,2,3,1
1804010949,2,3,2,3,1
1804010950,2,3,3,3,1
1804010951,2,3,3,3,1
1804010952,1,3,3,3,1
1804010953,1,3,3,3,1
1804010954,1,3,3,3,2
1804010955,1,3,3,3,2
1804010956,1,3,3,3,3
1804010957,1,3,3,3,3
1804010958,1,3,3,3,3
1804010959,2,3,3,3,3
1804011000,2,3,3,3,2
1804011001,2,3,3,3,2
1804011002,2,3,3,3,3
1804011003,1,3,3,3,2
1804011004,1,3,3,4,1
1804011005,2,3,3,3,1
1804011006,2,3,3,3,1
1804011007,2,3,3,3,1
1804011008,1,3,3,3,1
1804011009,2,3,3,3,1
1804011010,2,3,3,3,1
1804011011,2,3,2,3,2
1804011012,1,3,2,3,2
1804011013,1,3,2,3,2
1804011014,2,3,2,3,2
1804011015,1,3,2,3,1
1804011016,2,3,2,3,1
1804011017,2,3,3,3,1
1804011018,2,3,2,3,1
1804011019,1,3,3,4,1
1804011020,1,3,2,4,2
1804011021,1,3,2,4,2
1804011022,1,3,3,4,1
1804011023,1,3,3,4,2
1804011024,1,3,3,3,3
1804011025,1,3,3,3,3
1804011026,1,3,3,3,3
1804011027,2,3,3,4,2
1804011028,1,3,2,4,2
1804011029,1,3,2,4,0
1804011030,1,3,2,4,1
1804011031,0,3,3,4,1
1804011032,1,3,3,4,1
1804011033,0,3,2,4,1
1804011034,0,3,2,4,1
1804011035,0,3,2,4,1
1804011036,0,3,2,3,1
1804011037,0,3,2,4,0
1804011038,0,3,2,3,1
1804011039,0,3,2,3,1
1804011040,0,3,3,3,1
1804011041,1,3,3,3,1
1804011042,1,3,2,3,1
1804011043,1,3,2,3,0
1804011044,1,3,2,3,0
1804011045,0,3,2,3,0
1804011046,1,3,2,3,1
1804011047,1,3,2,3,1
1804011048,1,3,3,3,1
1804011049,1,3,3,3,3
1804011050,1,3,3,3,3
1804011051,1,3,3,3,3
1804011052,1,3,2,3,2
1804011053,1,3,2,3,2
1804011054,1,3,2,3,1
1804011055,1,3,2,3,1
1804011056,1,3,3,3,1
1804011057,1,3,3,3,1
1804011058,1,3,3,3,1
1804011059,1,3,3,3,1
1804011100,1,3,3,3,1
1804011101,1,3,3,3,1
1804011102,1,4,3,4,1
1804011103,2,4,3,4,1
1804011104,1,3,3,4,1
1804011105,1,4,3,4,1
1804011106,1,3,2,4,1
1804011107,1,3,2,4,1
1804011108,1,3,2,4,1
1804011109,1,3,2,4,1
1804011110,1,3,2,4,1
1804011111,2,3,2,4,1
1804011112,2,4,2,4,1
1804011113,2,4,2,4,1
1804011114,2,4,2,3,1
1804011115,2,4,2,3,1
1804011116,2,4,2,3,1
1804011117,2,4,2,3,2
1804011118,2,4,2,3,2
1804011119,2,4,2,3,2
1804011120,1,4,2,3,2
1804011121,1,4,2,3,2
1804011122,2,4,2,3,2
1804011123,2,4,3,3,1
1804011124,2,3,3,3,1
1804011125,2,4,3,4,1
1804011126,2,4,3,4,1
1804011127,2,3,2,4,1
1804011128,2,3,2,4,1
1804011129,2,3,3,3,2
1804011130,2,3,2,3,2
1804011131,2,3,2,4,2
1804011132,2,3,2,4,2
1804011133,2,3,2,4,2
1804011134,2,3,2,3,4
1804011135,1,3,2,3,4
1804011136,1,3,2,3,4
1804011137,1,4,2,3,4
1804011138,1,4,2,3,4
1804011139,2,4,2,3,4
1804011140,1,4,2,3,2
1804011141,2,4,2,3,1
1804011142,2,4,2,3,1
1804011143,2,4,2,3,1
1804011144,2,4,2,3,1
1804011145,2,4,2,3,2
1804011146,2,4,1,3,2
1804011147,2,4,2,3,2
1804011148,1,4,2,3,2
1804011149,1,4,2,3,2
1804011150,2,4,2,3,1
1804011151,2,4,2,3,1
1804011152,2,4,2,3,1
1804011153,2,4,2,3,1
1804011154,2,4,2,3,1
1804011155,2,4,2,3,1
1804011156,2,4,2,3,1
1804011157,2,4,2,3,1
1804011158,2,4,2,3,1
1804011159,2,4,2,3,1
1804011200,2,4,1,3,1
1804011201,2,4,1,4,1
1804011202,2,4,1,3,1
1804011203,2,3,1,3,1
1804011204,1,4,2,3,1
1804011205,1,4,2,3,1
1804011206,2,3,2,3,1
1804011207,2,3,2,3,1
1804011208,1,3,2,3,0
1804011209,1,3,2,4,0
1804011210,1,3,2,4,0
1804011211,1,3,2,3,0
1804011212,1,4,2,4,0
1804011213,1,3,2,4,0
1804011214,1,3,2,4,0
1804011215,1,3,2,4,0
1804011216,1,3,1,3,0
1804011217,1,3,1,3,0
1804011218,1,3,1,3,0
1804011219,1,3,1,3,0
1804011220,1,3,1,3,0
1804011221,1,3,1,3,0
1804011222,1,3,1,4,0
1804011223,1,3,1,3,0
1804011224,1,4,1,3,0
1804011225,1,4,1,3,0
1804011226,1,4,2,3,0
1804011227,1,3,1,3,0
1804011228,2,3,1,3,0
1804011229,2,3,1,2,0
1804011230,1,3,1,3,0
1804011231,1,3,2,2,0
1804011232,2,3,2,3,0
1804011233,2,4,1,3,0
1804011234,2,4,1,3,0
1804011235,2,4,1,3,0
1804011236,2,3,1,3,0
1804011237,2,4,1,3,0
1804011238,2,4,1,3,0
1804011239,2,4,1,3,0
1804011240,1,3,1,3,0
1804011241,1,3,1,3,0
1804011242,1,3,1,3,0
1804011243,2,3,1,3,0
1804011244,2,3,1,3,0
1804011245,2,3,1,3,0
1804011246,2,3,1,3,0
1804011247,2,4,1,3,0
1804011248,2,4,1,3,0
1804011249,2,4,1,3,0
1804011250,3,4,1,3,0
1804011251,2,3,1,3,0
1804011252,3,4,1,3,0
1804011253,2,4,1,3,0
1804011254,3,4,1,3,0
1804011255,2,4,1,3,0
1804011256,3,3,1,3,0
1804011257,2,4,1,3,0
1804011258,2,4,1,3,0
1804011259,2,4,1,3,0
1804011300,2,4,1,3,0
1804011301,1,4,2,3,0
1804011302,2,3,2,3,0
1804011303,2,3,2,3,0
1804011304,1,3,1,3,0
1804011305,2,3,1,3,0
1804011306,2,3,1,3,0
1804011307,2,4,1,2,0
1804011308,2,4,1,3,0
1804011309,2,4,1,2,0
1804011310,3,4,1,2,0
1804011311,2,4,1,3,0
1804011312,2,3,1,3,0
1804011313,2,4,1,3,0
1804011314,3,4,1,3,0
1804011315,2,4,1,3,0
1804011316,2,4,1,3,0
1804011317,2,4,1,3,0
1804011318,2,3,1,3,0
1804011319,1,4,1,3,0
1804011320,2,3,1,3,0
1804011321,2,3,1,3,0
1804011322,2,3,1,3,0
1804011323,2,3,1,3,0
1804011324,2,3,1,3,0
1804011325,2,4,1,3,0
1804011326,2,4,1,3,0
1804011327,2,4,1,3,0
1804011328,2,4,1,3,0
1804011329,2,4,1,3,0
1804011330,2,4,1,3,0
1804011331,2,3,1,3,0
1804011332,3,3,1,3,0
1804011333,3,3,1,3,0
1804011334,2,4,1,3,0
1804011335,2,4,1,3,0
1804011336,2,3,1,3,0
1804011337,3,3,2,3,0
1804011338,3,3,2,3,0
1804011339,3,4,2,3,0
1804011340,3,4,1,3,0
1804011341,3,3,2,3,0
1804011342,3,4,2,3,0
1804011343,3,4,2,3,0
1804011344,3,4,2,3,0
1804011345,3,4,1,3,0
1804011346,3,3,2,3,0
1804011347,2,3,2,3,0
1804011348,1,3,2,3,0
1804011349,1,3,1,3,0
1804011350,2,3,1,3,0
1804011351,2,3,1,3,0
1804011352,3,3,2,3,0
1804011353,2,3,2,3,0
1804011354,2,3,2,4,0
1804011355,3,3,2,4,0
1804011356,2,3,2,4,0
1804011357,2,3,2,4,0
1804011358,3,3,2,4,0
1804011359,3,3,2,4,0
1804011400,2,3,1,4,0
1804011401,2,4,2,4,0
1804011402,2,4,2,4,0
1804011403,2,4,2,3,0
1804011404,2,4,2,4,1
1804011405,2,4,2,4,1
1804011406,2,4,2,3,1
1804011407,2,4,2,4,1
1804011408,2,4,2,4,1
1804011409,2,4,2,4,0
1804011410,2,4,2,4,0
1804011411,2,4,2,3,0
1804011412,2,4,2,4,0
1804011413,2,4,2,3,0
1804011414,2,4,2,3,0
1804011415,2,4,2,3,0
1804011416,2,4,1,3,0
1804011417,2,4,1,3,0
1804011418,2,4,1,3,0
1804011419,2,4,1,3,1
1804011420,2,4,1,3,1
1804011421,2,4,1,3,1
1804011422,2,4,1,3,1
1804011423,2,4,1,3,1
1804011424,2,4,1,3,1
1804011425,2,4,1,4,0
1804011426,2,4,1,4,0
1804011427,3,4,1,4,0
1804011428,2,4,1,4,0
1804011429,2,4,1,3,0
1804011430,2,4,2,4,0
1804011431,2,4,2,4,0
1804011432,2,4,2,3,0
1804011433,2,4,2,3,0
1804011434,2,4,2,3,0
1804011435,2,4,2,3,0
1804011436,2,4,1,3,0
1804011437,2,4,1,3,1
1804011438,2,4,1,3,1
1804011439,2,4,1,3,0
1804011440,2,4,1,3,0
1804011441,2,4,1,3,0
1804011442,2,4,1,3,0
1804011443,2,4,1,3,0
1804011444,2,4,1,3,0
1804011445,2,4,1,3,0
1804011446,3,4,1,3,0
1804011447,3,3,1,4,0
1804011448,3,4,1,4,0
1804011449,2,3,1,4,0
1804011450,2,4,1,4,0
1804011451,2,4,1,4,0
1804011452,2,4,1,4,0
1804011453,2,4,1,4,0
1804011454,2,4,1,4,0
1804011455,2,4,1,4,0
1804011456,2,4,1,4,0
1804011457,2,4,1,4,0
1804011458,2,4,1,3,0
1804011459,2,4,2,3,0
1804011500,2,4,2,3,0
1804011501,2,4,2,3,0
1804011502,2,4,2,3,0
1804011503,2,4,2,3,0
1804011504,2,4,2,3,0
1804011505,2,4,2,3,0
1804011506,2,4,1,3,0
1804011507,1,4,2,3,0
1804011508,2,4,2,3,0
1804011509,2,4,2,4,0
1804011510,2,4,2,3,0
1804011511,2,4,1,3,0
1804011512,2,4,1,3,0
1804011513,2,4,1,3,0
1804011514,2,4,1,4,0
1804011515,2,4,1,4,0
1804011516,2,4,1,3,0
1804011517,2,4,1,3,0
1804011518,2,4,1,3,0
1804011519,2,4,1,3,0
1804011520,2,4,1,3,0
1804011521,2,3,1,3,0
1804011522,2,3,1,3,0
1804011523,2,4,1,3,0
1804011524,2,3,1,3,0
1804011525,2,3,1,3,0
1804011526,2,3,1,3,0
1804011527,2,3,1,3,0
1804011528,2,3,1,3,0
1804011529,2,3,1,3,0
1804011530,2,4,1,3,0
1804011531,2,4,1,3,0
1804011532,2,4,1,3,0
1804011533,2,3,0,3,0
1804011534,2,3,0,3,0
1804011535,2,3,0,3,0
1804011536,2,4,0,3,0
1804011537,2,4,0,3,0
1804011538,2,4,1,3,0
1804011539,2,4,1,3,0
1804011540,2,4,0,3,0
1804011541,2,4,0,3,0
1804011542,2,4,0,3,0
1804011543,2,4,0,3,0
1804011544,2,4,0,2,0
1804011545,3,4,0,2,0
1804011546,2,4,0,2,0
1804011547,3,4,0,2,0
1804011548,2,4,0,2,1
1804011549,2,4,0,3,1
1804011550,2,4,0,3,1
1804011551,2,4,0,3,1
1804011552,2,4,0,3,0
1804011553,2,4,0,3,2
1804011554,2,4,0,3,2
1804011555,2,4,0,3,2
1804011556,2,3,0,3,1
1804011557,1,3,0,2,1
1804011558,2,3,0,3,1
1804011559,2,4,0,3,1
1804011600,2,3,0,3,1
1804011601,1,3,0,3,1
1804011602,1,3,0,3,1
1804011603,1,3,0,3,1
1804011604,1,3,0,3,1
1804011605,1,4,1,3,0
1804011606,2,4,1,3,0
1804011607,2,4,0,3,0
1804011608,2,4,1,3,0
1804011609,2,4,1,3,0
1804011610,2,4,1,3,0
1804011611,2,4,1,3,0
1804011612,1,4,1,3,0
1804011613,2,4,1,3,0
1804011614,2,4,1,3,1
1804011615,2,4,1,3,1
1804011616,2,4,1,3,1
1804011617,2,4,1,3,0
1804011618,2,4,1,3,0
1804011619,2,4,1,3,0
1804011620,2,4,1,3,0
1804011621,2,4,1,3,0
1804011622,2,4,1,3,0
1804011623,2,4,1,3,0
1804011624,2,3,1,3,0
1804011625,2,3,1,3,0
1804011626,2,4,1,3,0
1804011627,2,4,1,3,0
1804011628,2,4,1,3,0
1804011629,2,3,1,3,0
1804011630,2,3,1,3,0
1804011631,2,3,1,3,0
1804011632,2,3,1,3,0
1804011633,2,3,1,3,0
1804011634,2,3,1,3,0
1804011635,2,3,1,3,0
1804011636,2,3,1,3,0
1804011637,2,3,1,3,0
1804011638,2,3,1,3,0
1804011639,2,3,1,3,0
1804011640,2,3,1,4,0
1804011641,2,3,1,3,0
1804011642,3,3,1,3,0
1804011643,3,3,1,3,0
1804011644,2,3,1,3,0
1804011645,3,3,1,3,0
1804011646,2,3,1,3,0
1804011647,2,3,1,2,0
1804011648,2,4,1,3,0
1804011649,2,4,1,2,0
1804011650,2,4,1,3,0
1804011651,3,4,1,3,0
1804011652,3,4,1,3,0
1804011653,2,4,1,3,0
1804011654,2,4,1,3,0
1804011655,2,4,1,3,0
1804011656,2,4,1,3,0
1804011657,2,3,1,3,0
1804011658,2,3,1,3,0
1804011659,2,4,1,3,0
1804011700,3,4,1,3,0
1804011701,3,4,1,3,0
1804011702,2,4,1,3,0
1804011703,2,4,1,3,0
1804011704,3,3,1,3,1
1804011705,3,3,1,3,1
1804011706,3,4,1,3,1
1804011707,3,4,1,3,1
1804011708,3,4,1,3,1
1804011709,3,4,0,3,1
1804011710,2,4,1,3,0
1804011711,3,4,1,3,0
1804011712,3,4,1,3,0
1804011713,3,4,1,3,0
1804011714,2,4,1,3,0
1804011715,2,4,1,3,0
1804011716,2,4,1,3,0
1804011717,2,4,1,3,0
1804011718,2,4,1,3,0
1804011719,2,4,1,3,0
1804011720,2,4,1,3,0
1804011721,2,3,1,3,0
1804011722,3,3,1,3,0
1804011723,3,3,0,3,0
1804011724,3,3,0,3,0
1804011725,3,3,1,3,0
1804011726,3,3,1,3,0
1804011727,3,3,0,3,0
1804011728,3,3,0,3,0
1804011729,3,3,0,3,0
1804011730,3,3,0,3,0
1804011731,3,3,0,3,0
1804011732,3,3,0,3,0
1804011733,2,3,0,3,0
1804011734,2,3,0,3,0
1804011735,2,3,0,3,0
1804011736,2,3,0,3,0
1804011737,3,3,0,3,0
1804011738,3,3,0,3,0
1804011739,3,3,0,3,0
1804011740,2,3,0,3,0
1804011741,2,3,0,3,1
1804011742,2,3,0,3,1
1804011743,2,4,1,3,1
1804011744,3,4,1,3,1
1804011745,3,4,1,3,1
1804011746,2,4,1,3,1
1804011747,2,4,1,2,0
1804011748,2,4,1,3,0
1804011749,2,3,1,3,0
1804011750,2,4,1,3,0
1804011751,2,4,1,3,0
1804011752,2,3,1,3,1
1804011753,2,4,1,3,1
1804011754,2,3,1,3,1
1804011755,2,4,0,3,1
1804011756,2,4,1,3,1
1804011757,3,4,1,3,1
1804011758,3,3,1,3,2
1804011759,3,3,0,3,2
1804011800,3,3,0,3,2
1804011801,3,4,0,3,2
1804011802,3,3,0,3,2
1804011803,3,4,0,3,2
1804011804,3,3,1,3,2
1804011805,3,3,1,3,1
1804011806,3,3,0,3,1
1804011807,2,3,0,3,0
1804011808,3,3,0,3,0
1804011809,3,3,0,3,0
1804011810,3,3,0,3,0
1804011811,3,3,0,3,0
1804011812,3,3,0,3,0
1804011813,2,3,0,2,0
1804011814,2,3,0,3,0
1804011815,2,3,0,3,0
1804011816,3,3,0,3,0
1804011817,3,3,0,3,0
1804011818,3,3,0,3,0
1804011819,3,3,0,3,0
1804011820,3,4,0,3,0
1804011821,3,4,0,3,0
1804011822,2,4,0,3,0
1804011823,2,4,0,3,1
1804011824,2,3,0,3,1
1804011825,3,4,0,3,1
1804011826,3,3,0,3,1
1804011827,3,3,0,3,1
1804011828,3,3,0,3,0
1804011829,3,3,1,3,0
1804011830,3,3,1,3,0
1804011831,3,3,1,3,0
1804011832,3,3,0,3,0
1804011833,3,3,1,2,0
1804011834,2,3,1,2,0
1804011835,2,3,0,2,0
1804011836,2,3,0,2,0
1804011837,2,3,0,2,0
1804011838,2,3,0,2,0
1804011839,3,3,0,2,0
1804011840,3,3,0,2,0
1804011841,3,3,0,3,0
1804011842,3,3,0,3,1
1804011843,3,3,0,2,1
1804011844,3,3,0,3,1
1804011845,3,3,0,3,0
1804011846,2,3,0,3,0
1804011847,3,3,0,3,0
1804011848,2,3,0,3,0
1804011849,3,3,0,3,1
1804011850,2,3,0,3,1
1804011851,3,3,0,2,1
1804011852,3,3,0,2,0
1804011853,3,3,0,2,0
1804011854,3,3,0,2,0
1804011855,3,3,0,3,0
1804011856,3,3,0,3,0
1804011857,3,3,0,3,0
1804011858,3,3,0,3,0
1804011859,3,3,0,3,0
1804011900,3,3,0,3,0
1804011901,3,3,0,3,0
1804011902,3,3,0,3,0
1804011903,3,3,0,3,0
1804011904,2,3,0,3,0
1804011905,2,3,0,3,0
1804011906,2,3,0,2,0
1804011907,2,3,0,3,0
1804011908,2,3,0,3,0
1804011909,2,3,1,3,0
1804011910,2,3,1,3,0
1804011911,2,3,1,3,0
1804011912,2,3,1,3,0
1804011913,2,3,1,3,1
1804011914,2,3,0,3,1
1804011915,2,3,0,3,1
1804011916,2,3,0,3,1
1804011917,3,3,0,3,1
1804011918,3,3,0,3,0
1804011919,2,3,0,3,1
1804011920,2,3,0,3,1
1804011921,2,3,0,3,1
1804011922,3,3,0,3,1
1804011923,2,3,0,4,1
1804011924,2,3,0,3,1
1804011925,2,3,0,3,1
1804011926,2,3,0,3,1
1804011927,2,3,0,4,1
1804011928,2,3,0,4,1
1804011929,1,3,0,3,1
1804011930,2,3,0,4,1
1804011931,1,3,0,3,1
1804011932,1,3,0,3,1
1804011933,1,3,0,3,1
1804011934,2,3,0,3,1
1804011935,2,3,1,3,1
1804011936,2,3,1,2,1
1804011937,2,3,1,2,1
1804011938,2,3,1,3,1
1804011939,2,3,1,3,1
1804011940,1,3,1,2,1
1804011941,2,3,1,2,1
1804011942,2,3,1,3,1
1804011943,2,3,1,3,1
1804011944,2,3,1,3,1
1804011945,2,3,1,3,1
1804011946,2,3,1,3,1
1804011947,2,3,1,3,1
1804011948,2,3,1,3,1
1804011949,2,3,1,3,1
1804011950,2,3,1,2,1
1804011951,2,3,1,2,1
1804011952,2,3,1,2,1
1804011953,2,3,1,2,1
1804011954,2,3,1,2,1
1804011955,2,3,1,2,1
1804011956,3,3,1,2,1
1804011957,2,3,1,2,1
1804011958,2,3,1,2,1
1804011959,2,3,1,3,1
1804012000,3,3,1,3,1
1804012001,3,3,1,3,1
1804012002,3,3,1,3,1
1804012003,3,3,1,3,1
1804012004,3,3,1,3,1
1804012005,2,3,1,3,1
1804012006,2,3,1,3,1
1804012007,2,3,1,4,1
1804012008,2,3,1,4,1
1804012009,2,3,1,3,1
1804012010,2,3,1,3,1
1804012011,2,3,1,3,1
1804012012,3,3,1,3,1
1804012013,3,3,1,3,1
1804012014,3,3,1,4,1
1804012015,3,3,1,3,1
1804012016,3,3,1,3,1
1804012017,3,3,1,3,1
1804012018,3,3,1,3,1
1804012019,3,3,1,3,1
1804012020,3,3,1,3,1
1804012021,3,3,1,3,1
1804012022,3,3,1,3,1
1804012023,3,3,1,3,1
1804012024,3,3,1,3,1
1804012025,3,3,1,3,1
1804012026,3,3,1,3,1
1804012027,3,3,1,3,1
1804012028,3,3,1,3,1
1804012029,3,3,1,3,1
1804012030,3,3,0,3,1
1804012031,3,3,0,3,1
1804012032,3,3,0,3,1
1804012033,2,3,0,3,1
1804012034,2,3,0,3,1
1804012035,2,3,0,3,1
1804012036,2,3,0,3,1
1804012037,3,3,0,3,1
1804012038,3,3,0,3,1
1804012039,3,3,0,3,1
1804012040,2,3,0,3,1
1804012041,3,3,1,3,1
1804012042,3,3,1,3,1
1804012043,3,3,1,3,1
1804012044,3,3,1,3,1
1804012045,3,3,1,3,1
1804012046,3,3,1,3,1
1804012047,3,3,1,3,1
1804012048,3,3,1,3,1
1804012049,3,3,1,3,1
1804012050,2,3,1,3,1
1804012051,3,3,1,3,2
1804012052,3,3,1,3,2
1804012053,3,3,1,2,3
1804012054,3,3,1,2,3
1804012055,2,3,1,2,3
1804012056,2,3,0,2,3
1804012057,3,3,1,2,2
1804012058,2,3,1,2,2
1804012059,3,3,0,2,2
1804012100,3,3,0,2,2
1804012101,3,3,0,2,2
1804012102,3,3,0,2,2
1804012103,3,3,1,2,2
1804012104,3,3,1,2,3
1804012105,3,3,1,2,3
1804012106,3,3,1,2,3
1804012107,3,3,1,2,3
1804012108,3,3,0,2,3
1804012109,3,3,0,2,3
1804012110,3,3,0,2,3
1804012111,2,3,0,2,3
1804012112,2,3,0,2,3
1804012113,3,3,0,2,2
1804012114,2,3,0,2,3
1804012115,2,3,0,2,3
1804012116,2,3,0,2,3
1804012117,3,3,0,2,2
1804012118,3,3,0,2,2
1804012119,3,3,0,2,2
1804012120,4,3,0,2,2
1804012121,4,3,0,2,2
1804012122,3,3,0,2,2
1804012123,3,3,0,2,2
1804012124,3,3,0,2,1
1804012125,3,4,0,2,1
1804012126,4,3,0,2,1
1804012127,3,3,1,2,2
1804012128,3,4,1,2,2
1804012129,3,3,1,2,2
1804012130,3,3,1,2,2
1804012131,3,3,0,3,2
1804012132,3,3,0,3,1
1804012133,3,3,0,3,1
1804012134,3,3,0,3,1
1804012135,3,3,0,3,1
1804012136,3,3,0,3,1
1804012137,3,3,0,3,1
1804012138,3,3,0,3,1
1804012139,3,3,0,3,1
1804012140,3,4,0,3,1
1804012141,3,4,0,2,1
1804012142,3,3,1,3,1
1804012143,3,3,1,3,1
1804012144,3,3,0,3,1
1804012145,3,3,0,3,1
1804012146,3,3,1,3,1
1804012147,3,3,1,3,1
1804012148,3,3,1,2,1
1804012149,3,3,1,2,2
1804012150,3,3,1,2,2
1804012151,3,3,1,2,2
1804012152,3,3,1,2,2
1804012153,3,3,1,2,2
1804012154,3,3,1,3,2
1804012155,3,3,1,2,2
1804012156,3,3,1,3,1
1804012157,3,3,1,2,1
1804012158,3,3,1,3,1
1804012159,3,3,1,2,2
1804012200,2,3,1,3,2
1804012201,2,3,1,2,2
1804012202,2,3,1,2,2
1804012203,2,3,1,2,2
1804012204,2,4,1,2,2
1804012205,2,4,1,2,2
1804012206,2,4,1,2,2
1804012207,2,4,1,2,1
1804012208,2,3,1,2,1
1804012209,2,3,1,2,1
1804012210,3,3,1,2,1
1804012211,3,4,1,2,1
1804012212,3,3,1,2,1
1804012213,3,3,1,2,1
1804012214,3,3,1,2,1
1804012215,3,4,1,2,1
1804012216,3,3,1,2,1
1804012217,3,3,1,2,1
1804012218,3,3,1,2,1
1804012219,3,3,1,2,1
1804012220,3,3,1,2,1
1804012221,3,3,1,2,1
1804012222,3,3,1,2,1
1804012223,3,3,1,2,1
1804012224,4,3,1,2,1
1804012225,3,3,1,2,1
1804012226,3,3,1,2,1
1804012227,3,3,1,2,1
1804012228,3,3,0,2,1
1804012229,3,3,0,2,1
1804012230,3,3,1,2,1
1804012231,3,3,1,2,1
1804012232,3,3,1,2,1
1804012233,3,3,0,2,1
1804012234,2,3,1,2,1
1804012235,3,3,1,2,2
1804012236,3,3,1,2,2
1804012237,3,3,0,2,2
1804012238,3,3,0,2,2
1804012239,3,3,0,2,2
1804012240,3,3,1,2,2
1804012241,3,3,1,2,1
1804012242,2,3,1,2,1
1804012243,2,3,1,2,1
1804012244,2,3,1,2,1
1804012245,2,3,1,2,1
1804012246,2,3,1,2,1
1804012247,2,3,1,2,1
1804012248,2,4,1,2,1
1804012249,2,4,1,2,1
1804012250,2,4,2,2,1
1804012251,2,4,2,2,1
1804012252,2,4,2,2,1
1804012253,2,4,1,2,1
1804012254,2,4,2,3,1
1804012255,2,4,1,2,1
1804012256,2,4,1,2,1
1804012257,2,4,1,2,1
1804012258,2,4,1,2,1
1804012259,2,4,1,2,2
1804012300,2,3,1,2,2
1804012301,2,3,1,2,1
1804012302,2,3,1,2,1
1804012303,2,3,1,2,1
1804012304,2,4,1,2,1
1804012305,2,4,1,2,1
1804012306,2,4,1,2,1
1804012307,3,4,1,2,1
1804012308,3,4,1,2,1
1804012309,3,4,1,2,1
1804012310,3,4,1,2,1
1804012311,3,4,1,2,1
1804012312,3,4,1,2,1
1804012313,3,4,1,2,1
1804012314,3,4,1,2,1
1804012315,2,4,1,2,1
1804012316,2,4,1,2,1
1804012317,2,3,1,2,1
1804012318,2,3,1,2,1
1804012319,2,3,1,1,1
1804012320,2,3,1,2,1
1804012321,3,3,1,2,1
1804012322,3,3,1,2,1
1804012323,3,3,1,2,1
1804012324,3,3,1,2,1
1804012325,3,3,1,2,1
1804012326,3,3,1,2,1
1804012327,3,3,1,2,1
1804012328,3,3,1,2,1
1804012329,3,3,1,2,1
1804012330,3,3,1,2,1
1804012331,3,3,1,1,1
1804012332,3,3,1,1,1
1804012333,3,3,1,1,1
1804012334,3,3,1,1,1
1804012335,3,3,1,1,1
1804012336,2,3,1,1,1
1804012337,3,3,1,1,1
1804012338,3,3,1,1,1
1804012339,3,3,1,2,1
1804012340,3,3,1,2,1
1804012341,3,3,1,2,1
1804012342,3,3,1,2,1
1804012343,3,3,1,2,1
1804012344,3,3,1,2,1
1804012345,3,3,1,2,1
1804012346,3,3,1,2,2
1804012347,3,3,1,2,2
1804012348,3,3,1,2,2
1804012349,3,3,1,2,1
1804012350,3,3,1,2,1
1804012351,3,3,1,2,1
1804012352,3,3,1,2,1
1804012353,3,3,1,2,1
1804012354,3,3,1,2,1
1804012355,3,3,1,2,1
1804012356,3,3,1,2,1
1804012357,3,3,1,2,1
1804012358,3,3,1,2,1
1804012359,2,3,1,2,1
