episode,episodic_reward
0,1.051844
1,0.764893
2,1.212130
3,1.082841
4,1.262507
5,1.089802
6,1.078685
7,1.224817
8,1.108489
9,1.034656
10,1.269063
11,1.223793
12,1.230709
13,1.047554
14,1.195901
15,1.251216
16,1.136960
17,1.094296
18,1.152564
19,1.186955
20,1.024931
21,1.064301
22,1.355129
23,1.231230
24,1.239529
25,1.120025
26,1.183746
27,1.110607
28,1.124054
29,1.216928
30,1.100679
31,1.271048
32,1.336363
33,1.198049
34,1.226754
35,1.105735
36,1.072093
37,1.146097
38,1.123881
39,0.940510
40,1.292695
41,1.055008
42,1.149533
43,1.125376
44,1.312146
45,1.196887
46,1.083753
47,1.009331
48,1.125315
49,1.079536
50,1.085519
51,1.055390
52,1.199910
53,1.120409
54,1.126001
55,1.135569
56,1.269520
57,1.103420
58,1.157324
59,1.076033
60,1.187484
61,1.104642
62,1.232405
63,1.293374
64,1.321111
65,1.259644
66,1.229728
67,1.175665
68,1.263595
69,1.115678
70,1.154845
71,1.208576
72,1.144909
73,1.353399
74,1.216188
75,1.155892
76,1.089690
77,1.180319
78,1.017387
79,0.981642
80,1.014224
81,1.087579
82,1.095767
83,1.218330
84,0.952583
85,1.309342
86,1.254317
87,1.137467
88,1.253989
89,1.045596
90,1.142487
91,1.179931
92,1.304822
93,1.335616
94,1.168801
95,1.126742
96,0.980589
97,1.300418
98,1.202166
99,1.050944
100,1.142131
101,1.380953
102,1.227619
103,1.254313
104,1.187395
105,1.083093
106,1.251857
107,1.251134
108,1.125494
109,1.240618
110,1.074334
111,1.249333
112,1.318178
113,1.264181
114,1.234158
115,1.107656
116,1.224669
117,1.260226
118,1.053452
119,1.008071
120,1.216151
121,1.308824
122,1.185829
123,1.202341
124,1.197289
125,1.172300
126,1.120354
127,1.131262
128,1.173897
129,1.246365
130,1.293896
131,1.221207
132,1.131169
133,1.229955
134,0.995370
135,1.337863
136,1.206258
137,1.464267
138,1.150332
139,1.337801
140,1.307041
141,1.362218
142,0.977777
143,1.375232
144,1.196560
145,1.099948
146,1.308460
147,1.134569
148,1.200093
149,1.150127
150,1.220121
151,1.168817
152,1.258843
153,1.269429
154,1.300369
155,1.218419
156,1.245416
157,1.058727
158,1.338718
159,1.447850
160,1.168904
161,1.169820
162,1.223411
163,1.209881
164,1.073953
165,1.134287
166,1.245819
167,1.104524
168,1.246744
169,1.511926
170,1.465444
171,1.198003
172,1.227938
173,1.332748
174,1.380944
175,1.197863
176,1.322727
177,1.326353
178,1.339311
179,1.367638
180,1.126225
181,1.175866
182,1.148162
183,1.119086
184,0.986179
185,1.262058
186,1.155024
187,1.312836
188,1.331426
189,1.382059
190,1.119795
191,1.359613
192,1.253546
193,1.167377
194,1.147368
195,1.128900
196,1.276096
197,1.249022
198,1.247729
199,1.099711
200,1.146372
201,1.190148
202,1.210241
203,1.404084
204,1.216756
205,1.202558
206,1.416177
207,1.355164
208,1.361913
209,1.105081
210,1.228137
211,1.207421
212,1.373224
213,1.226932
214,1.252590
215,1.186702
216,1.242463
217,1.463388
218,1.150657
219,1.257736
220,1.355227
221,1.322159
222,1.162276
223,1.192021
224,1.089982
225,1.314292
226,1.117439
227,1.252018
228,1.282779
229,1.201500
230,1.129262
231,1.279910
232,1.394830
233,1.340063
234,1.436730
235,1.272040
236,1.322326
237,1.291485
238,1.277791
239,1.138402
240,1.215860
241,1.301508
242,1.160855
243,1.244696
244,1.397454
245,1.400852
246,1.209527
247,1.241026
248,1.134323
249,1.160043
250,1.267867
251,1.243191
252,1.479016
253,1.353556
254,1.186645
255,1.346252
256,1.334319
257,1.313059
258,1.330427
259,1.285150
260,1.273337
261,1.178977
262,1.196342
263,1.062654
264,1.081656
265,1.201064
266,1.303507
267,1.234714
268,1.074849
269,1.303441
270,1.139947
271,1.313184
272,1.312541
273,1.405935
274,1.300628
275,1.199931
276,1.411901
277,1.285614
278,1.221609
279,1.326920
280,1.306042
281,1.411973
282,1.158991
283,1.306219
284,1.442700
285,1.297970
286,1.263028
287,1.225525
288,1.325284
289,1.358746
290,1.178852
291,1.282732
292,1.212667
293,1.144207
294,1.361164
295,1.547238
296,1.168181
297,1.367293
298,1.330242
299,1.289328
300,1.326691
301,1.274859
302,1.378733
303,1.428586
304,1.336059
305,1.362914
306,1.283449
307,1.169985
308,1.354323
309,1.398198
310,1.395275
311,1.345241
312,1.425639
313,1.297644
314,1.338979
315,1.402987
316,1.338375
317,1.323449
318,1.274970
319,1.377778
320,1.203738
321,1.311582
322,1.371092
323,1.385750
324,1.115574
325,1.274122
326,1.388968
327,1.309025
328,1.242473
329,1.456827
330,1.194802
331,1.351668
332,1.363802
333,1.222245
334,1.361645
335,1.317756
336,1.279169
337,1.302024
338,1.246086
339,1.321189
340,1.314024
341,1.336148
342,1.343606
343,1.483600
344,1.281084
345,1.464354
346,1.305527
347,1.363630
348,1.385717
349,1.222540
350,1.364237
351,1.244333
352,1.393004
353,1.382661
354,1.127472
355,1.337292
356,1.358526
357,1.340796
358,1.412913
359,1.241269
360,1.227407
361,1.318927
362,1.280857
363,1.440648
364,1.423583
365,1.324149
366,1.376600
367,1.307565
368,1.321248
369,1.282053
370,1.252061
371,1.170190
372,1.340585
373,1.473282
374,1.422085
375,1.347656
376,1.416022
377,1.239874
378,1.318729
379,1.375110
380,1.423887
381,1.276468
382,1.421836
383,1.312166
384,1.270796
385,1.324019
386,1.345253
387,1.361339
388,1.513221
389,1.292048
390,1.266659
391,1.392804
392,1.444200
393,1.291682
394,1.362393
395,1.351103
396,1.375929
397,1.231567
398,1.426453
399,1.283871
400,1.446518
401,1.176064
402,1.385432
403,1.476945
404,1.249253
405,1.432509
406,1.410589
407,1.468161
408,1.199525
409,1.314241
410,1.361952
411,1.367453
412,1.404426
413,1.235448
414,1.351050
415,1.349781
416,1.246637
417,1.174437
418,1.221706
419,1.424704
420,1.326188
421,1.321713
422,1.229864
423,1.249542
424,1.462285
425,1.196205
426,1.363511
427,1.421361
428,1.291741
429,1.439817
430,1.274342
431,1.423833
432,1.431909
433,1.422619
434,1.313063
435,1.294310
436,1.417084
437,1.368863
438,1.368769
439,1.556161
440,1.325638
441,1.313823
442,1.348168
443,1.405662
444,1.338941
445,1.286822
446,1.337184
447,1.476825
448,1.336979
449,1.453115
450,1.468702
451,1.262971
452,1.342478
453,1.448620
454,1.309969
455,1.281748
456,1.411850
457,1.351335
458,1.447894
459,1.321947
460,1.358505
461,1.421219
462,1.436660
463,1.321488
464,1.396160
465,1.375091
466,1.292589
467,1.366577
468,1.431215
469,1.391757
470,1.155309
471,1.292449
472,1.433848
473,1.336730
474,1.368830
475,1.414429
476,1.424647
477,1.435728
478,1.292996
479,1.323961
480,1.510433
481,1.424259
482,1.449659
483,1.400023
484,1.296504
485,1.426035
486,1.471077
487,1.314313
488,1.361435
489,1.341155
490,1.351695
491,1.471564
492,1.427947
493,1.348893
494,1.408078
495,1.308047
496,1.441770
497,1.428663
498,1.413421
499,1.476139
500,1.322469
501,1.343693
502,1.406541
503,1.338021
504,1.397366
505,1.411201
506,1.226817
507,1.380602
508,1.387190
509,1.319748
510,1.350269
511,1.336354
512,1.362034
513,1.302993
514,1.395296
515,1.416069
516,1.440593
517,1.348123
518,1.404750
519,1.408696
520,1.324242
521,1.454249
522,1.402213
523,1.337045
524,1.382941
525,1.323564
526,1.305373
527,1.542010
528,1.407068
529,1.437385
530,1.310494
531,1.337953
532,1.563042
533,1.375285
534,1.168337
535,1.438293
536,1.352167
537,1.331916
538,1.409920
539,1.328462
540,1.351281
541,1.387850
542,1.376580
543,1.468404
544,1.386630
545,1.331975
546,1.414188
547,1.418845
548,1.511108
549,1.412462
550,1.450114
551,1.441151
552,1.377783
553,1.381597
554,1.366141
555,1.409773
556,1.410676
557,1.302681
558,1.390555
559,1.389220
560,1.333402
561,1.360258
562,1.087049
563,1.448614
564,1.400166
565,1.394884
566,1.529275
567,1.529866
568,1.400651
569,1.485870
570,1.320239
571,1.373129
572,1.361956
573,1.383101
574,1.334548
575,1.417561
576,1.317105
577,1.493477
578,1.324289
579,1.408808
580,1.386346
581,1.396983
582,1.574205
583,1.364602
584,1.433810
585,1.354039
586,1.393860
587,1.304176
588,1.347453
589,1.311613
590,1.291509
591,1.372214
592,1.402250
593,1.356984
594,1.362860
595,1.357187
596,1.488040
597,1.316392
598,1.379777
599,1.440247
600,1.332512
601,1.372948
602,1.283018
603,1.472357
604,1.425264
605,1.308433
606,1.472357
607,1.435883
608,1.341585
609,1.381332
610,1.313004
611,1.335047
612,1.406828
613,1.420137
614,1.492814
615,1.264696
616,1.396670
617,1.355278
618,1.264592
619,1.340297
620,1.516627
621,1.389591
622,1.264573
623,1.276266
624,1.421718
625,1.334546
626,1.454931
627,1.327968
628,1.512943
629,1.380632
630,1.440775
631,1.406438
632,1.337353
633,1.365120
634,1.424125
635,1.445159
636,1.457782
637,1.353970
638,1.398595
639,1.442202
640,1.405277
641,1.347306
642,1.297865
643,1.377363
644,1.380396
645,1.440325
646,1.401348
647,1.354008
648,1.381276
649,1.425397
650,1.409278
651,1.329313
652,1.405166
653,1.407777
654,1.449441
655,1.578251
656,1.421161
657,1.361426
658,1.325325
659,1.444900
660,1.418836
661,1.433831
662,1.453907
663,1.444123
664,1.432173
665,1.463604
666,1.415385
667,1.420578
668,1.461953
669,1.337096
670,1.377991
671,1.400876
672,1.441463
673,1.323321
674,1.339104
675,1.438101
676,1.398515
677,1.526944
678,1.456322
679,1.474727
680,1.419541
681,1.328217
682,1.438084
683,1.384563
684,1.416306
685,1.394494
686,1.329759
687,1.378950
688,1.366070
689,1.449673
690,1.309212
691,1.236251
692,1.332563
693,1.525622
694,1.365824
695,1.500948
696,1.436330
697,1.347434
698,1.347877
699,1.351920
700,1.439634
701,1.419488
702,1.416682
703,1.292909
704,1.480225
705,1.432674
706,1.394495
707,1.412310
708,1.317439
709,1.386559
710,1.316071
711,1.278071
712,1.201119
713,1.407551
714,1.414379
715,1.310790
716,1.435829
717,1.354532
718,1.510097
719,1.369203
720,1.440902
721,1.595341
722,1.253617
723,1.367528
724,1.381556
725,1.234216
726,1.356073
727,1.538298
728,1.281346
729,1.455010
730,1.357471
731,1.402128
732,1.432799
733,1.346732
734,1.418941
735,1.325139
736,1.327183
737,1.325130
738,1.404238
739,1.413707
740,1.429965
741,1.331046
742,1.316657
743,1.380419
744,1.463338
745,1.384542
746,1.326637
747,1.224260
748,1.449116
749,1.389803
750,1.461786
751,1.373259
752,1.523394
753,1.297503
754,1.381051
755,1.417848
756,1.346643
757,1.393434
758,1.329145
759,1.504414
760,1.325660
761,1.350519
762,1.407144
763,1.366109
764,1.469223
765,1.413195
766,1.340528
767,1.371830
768,1.355277
769,1.272209
770,1.418439
771,1.305707
772,1.319710
773,1.395080
774,1.408136
775,1.395427
776,1.330970
777,1.352190
778,1.375670
779,1.514122
780,1.434748
781,1.366084
782,1.354852
783,1.445778
784,1.450675
785,1.451026
786,1.391835
787,1.396262
788,1.440012
789,1.391050
790,1.395408
791,1.330568
792,1.468945
793,1.366428
794,1.385105
795,1.409553
796,1.418484
797,1.328578
798,1.409504
799,1.313380
800,1.461025
801,1.409947
802,1.416053
803,1.526039
804,1.290052
805,1.217826
806,1.438579
807,1.300278
808,1.405588
809,1.424465
810,1.222834
811,1.414771
812,1.522468
813,1.399666
814,1.414379
815,1.394551
816,1.370555
817,1.276816
818,1.390840
819,1.315598
820,1.280236
821,1.363343
822,1.365830
823,1.453510
824,1.299579
825,1.329466
826,1.402042
827,1.370249
828,1.395057
829,1.306319
830,1.344055
831,1.411000
832,1.440596
833,1.468575
834,1.364504
835,1.417246
836,1.281733
837,1.389712
838,1.435317
839,1.392018
840,1.354363
841,1.405742
842,1.347661
843,1.369270
844,1.460350
845,1.381980
846,1.355867
847,1.411255
848,1.422397
849,1.411625
850,1.446880
851,1.443353
852,1.332534
853,1.354603
854,1.345476
855,1.437440
856,1.414688
857,1.438402
858,1.364957
859,1.381553
860,1.267703
861,1.414681
862,1.347528
863,1.354066
864,1.536836
865,1.309585
866,1.348085
867,1.371071
868,1.329856
869,1.389782
870,1.438497
871,1.520610
872,1.358640
873,1.179549
874,1.390911
875,1.448541
876,1.320422
877,1.421707
878,1.344854
879,1.362049
880,1.408053
881,1.400685
882,1.427565
883,1.351975
884,1.346608
885,1.366766
886,1.419965
887,1.410669
888,1.392759
889,1.296306
890,1.283313
891,1.385418
892,1.435524
893,1.432015
894,1.267925
895,1.450814
896,1.393939
897,1.363602
898,1.404498
899,1.449462
900,1.469355
901,1.299946
902,1.428288
903,1.439948
904,1.479896
905,1.389729
906,1.339838
907,1.453381
908,1.291368
909,1.513689
910,1.324290
911,1.275238
912,1.346245
913,1.350513
914,1.507268
915,1.419573
916,1.426705
917,1.411956
918,1.410807
919,1.347041
920,1.492822
921,1.384556
922,1.405201
923,1.428436
924,1.421187
925,1.350891
926,1.504745
927,1.354738
928,1.405832
929,1.437191
930,1.336609
931,1.336059
932,1.551004
933,1.230599
934,1.455044
935,1.394318
936,1.449140
937,1.429659
938,1.416880
939,1.390892
940,1.419184
941,1.378441
942,1.368475
943,1.485456
944,1.440398
945,1.271862
946,1.406245
947,1.320720
948,1.369162
949,1.390637
950,1.334950
951,1.335850
952,1.510332
953,1.362607
954,1.376434
955,1.377918
956,1.293313
957,1.342978
958,1.411317
959,1.369489
960,1.442507
961,1.306329
962,1.299447
963,1.365356
964,1.409836
965,1.341942
966,1.414076
967,1.416869
968,1.460162
969,1.388755
970,1.394398
971,1.349613
972,1.382096
973,1.345187
974,1.344815
975,1.474575
976,1.431130
977,1.518108
978,1.259582
979,1.325869
980,1.396513
981,1.318835
982,1.393796
983,1.431504
984,1.411698
985,1.430615
986,1.425558
987,1.434153
988,1.467570
989,1.619758
990,1.310768
991,1.528369
992,1.457847
993,1.393054
994,1.375693
995,1.527830
996,1.561449
997,1.519239
998,1.553390
999,1.501573
1000,1.512807
1001,1.428525
1002,1.444307
